{
	"version": 1,
	"changelists": [
		{
			"guid": "00000000000000000000000000000000",
			"description": "Default Uncontrolled Changelist",
			"files": [
				"D:/Projetos/Unreal Projects/AdivinhacaoNumerica/Content/Maps/Main.umap",
				"D:/Projetos/Unreal Projects/AdivinhacaoNumerica/Content/Widgets/GameWidgetBlueprint.uasset",
				"D:/Projetos/Unreal Projects/AdivinhacaoNumerica/Content/Sprites/balao.uasset",
				"D:/Projetos/Unreal Projects/AdivinhacaoNumerica/Content/Sprites/Capa.uasset",
				"D:/Projetos/Unreal Projects/AdivinhacaoNumerica/Content/Sprites/Foto_Desenho.uasset",
				"D:/Projetos/Unreal Projects/AdivinhacaoNumerica/Content/Sprites/Foto_Desenho_completo.uasset",
				"D:/Projetos/Unreal Projects/AdivinhacaoNumerica/Content/Sprites/Main.uasset",
				"D:/Projetos/Unreal Projects/AdivinhacaoNumerica/Content/Sprites/Main1.uasset",
				"D:/Projetos/Unreal Projects/AdivinhacaoNumerica/Content/Sprites/Menu.uasset"
			]
		}
	]
}